{"count":1,"self":40.0913472,"total":40.578188499999996,"children":{"InitializeActuators":{"count":12,"self":0.0019993999999999997,"total":0.0019993999999999997,"children":null},"InitializeSensors":{"count":12,"self":0.0017289999999999999,"total":0.0017289999999999999,"children":null},"AgentSendState":{"count":1756,"self":0.0174643,"total":0.0676454,"children":{"CollectObservations":{"count":4224,"self":0.0263295,"total":0.0263295,"children":null},"WriteActionMask":{"count":4224,"self":0.0050704,"total":0.0050704,"children":null},"RequestDecision":{"count":4224,"self":0.018781199999999998,"total":0.018781199999999998,"children":null}}},"DecideAction":{"count":1756,"self":0.2826275,"total":0.2826275,"children":null},"AgentAct":{"count":1756,"self":0.13176279999999999,"total":0.13176279999999999,"children":null}},"gauges":{},"metadata":{"timer_format_version":"0.1.0","start_time_seconds":"1713538252","unity_version":"2023.2.19f1","command_line_arguments":"D:\\Unity\\Hub\\Editor\\2023.2.19f1\\Editor\\Unity.exe -projectpath D:\\Git\\ML Agents Test -useHub -hubIPC -cloudEnvironment production","communication_protocol_version":"1.5.0","com.unity.ml-agents_version":"3.0.0-exp.1","scene_name":"3DBall","end_time_seconds":"1713538293"}}